Tool_Name,Category,Monthly_Cost,Key_Features,AI_Integration
Google Search Console,Free Analytics,0,"Performance monitoring, indexing",No
Semrush,Paid All-in-One,140,"Keyword research, competitor analysis",Yes
Ahrefs,Paid All-in-One,129,"Backlink analysis, keyword tracking",Yes
Surfer SEO,Content Optimization,99,AI content optimization,Yes
Moz Pro,Paid All-in-One,99,"Domain authority, keyword research",Yes
Screaming Frog,Technical SEO,22,"Site crawling, technical audits",No
Google Analytics,Free Analytics,0,"Traffic analytics, user behavior",No
PageSpeed Insights,Performance,0,Core Web Vitals testing,No
Yoast SEO,WordPress Plugin,0,On-page SEO optimization,Yes
Schema Markup Generator,Technical SEO,0,Structured data creation,No
Ubersuggest,Keyword Research,29,"Keyword suggestions, competition analysis",Yes
Answer The Public,Keyword Research,0,Question-based keyword research,No
